<?xml version='1.0' encoding='UTF-8'?>
<?artifactRepository version='1.1.0'?>
<repository name='file:/G:/workspace/Anypointworkspace/stock-connector/target/update-site/ - artifacts' type='org.eclipse.equinox.p2.artifact.repository.simpleRepository' version='1'>
  <properties size='2'>
    <property name='p2.timestamp' value='1500358628541'/>
    <property name='p2.compressed' value='false'/>
  </properties>
  <mappings size='3'>
    <rule filter='(&amp; (classifier=osgi.bundle))' output='${repoUrl}/plugins/${id}_${version}.jar'/>
    <rule filter='(&amp; (classifier=binary))' output='${repoUrl}/binary/${id}_${version}'/>
    <rule filter='(&amp; (classifier=org.eclipse.update.feature))' output='${repoUrl}/features/${id}_${version}.jar'/>
  </mappings>
  <artifacts size='2'>
    <artifact classifier='org.eclipse.update.feature' id='org.mule.tooling.ui.extension.stock-connector.3.5.0' version='1.0.0.201707180217'>
      <properties size='4'>
        <property name='artifact.size' value='644'/>
        <property name='download.size' value='644'/>
        <property name='download.md5' value='0fed42370bfd99782c51b48e7a0b4bec'/>
        <property name='download.contentType' value='application/zip'/>
      </properties>
    </artifact>
    <artifact classifier='osgi.bundle' id='org.mule.tooling.ui.contribution.stock.3.5.0' version='1.0.0.201707180217'>
      <properties size='3'>
        <property name='artifact.size' value='354493'/>
        <property name='download.size' value='354493'/>
        <property name='download.md5' value='2eee466cfa7a1b3729c35ccb53450256'/>
      </properties>
    </artifact>
  </artifacts>
</repository>
